{
  "type": "minecraft:block_column",
  "config": {
    "direction": "down",
    "allowed_placement": {
      "type": "minecraft:matching_blocks",
      "blocks": [
        "minecraft:air"
      ]
    },
    "prioritize_tip": true,
    "layers": [
      {
        "height": {
          "type": "minecraft:weighted_list",
          "distribution": [
            {
              "weight": 1,
              "data": {
                "type": "minecraft:uniform",
                "min_inclusive": 3,
                "max_inclusive": 4
              }
            },
            {
              "weight": 2,
              "data": {
                "type": "minecraft:uniform",
                "min_inclusive": 1,
                "max_inclusive": 3
              }
            },
            {
              "weight": 4,
              "data": {
                "type": "minecraft:uniform",
                "min_inclusive": 1,
                "max_inclusive": 2
              }
            }
          ]
        },
        "provider": {
          "type": "minecraft:weighted_state_provider",
          "entries": [
            {
              "weight": 1,
              "data": {
                "Name": "minecraft:budding_amethyst"
              }
            },
            {
              "weight": 3,
              "data": {
                "Name": "minecraft:amethyst_block"
              }
            }
          ]
        }
      },
      {
        "height": 1,
        "provider": {
          "type": "minecraft:simple_state_provider",
          "state": {
            "Name": "minecraft:medium_amethyst_bud",
            "Properties": {
              "waterlogged": "false",
              "facing": "down"
            }
          }
        }
      }
    ]
  }
}
