{
  "criteria": {
    "requirement": {
      "trigger": "minecraft:using_item",
      "conditions": {
        "player": [
        ],
        "item": {
          "items": [
            "minecraft:bow"
          ],
          "components": {
              "minecraft:custom_data": {
                "infinity_cave": {
                  "item": "sonic_bow"
                }
              }
          }
        }
      }
    }
  },
  "rewards": {
    "function": "infinity_cave:mechanics/weapons/sonic_bow/charge"
  }
}
