{
  "temperature": 1,
  "downfall": 0,
  "has_precipitation": false,
  "effects": {
    "sky_color": 3884377,
    "fog_color": 3884377,
    "water_color": 6199807,
    "water_fog_color": 6199807,
    "mood_sound": {
      "sound": "minecraft:ambient.cave",
      "tick_delay": 6000,
      "block_search_extent": 8,
      "offset": 2
    },
    "music": [
      {
        "weight": 1,
        "data": {
          "sound": "minecraft:intentionally_empty",
          "min_delay": 0,
          "max_delay": 0,
          "replace_current_music": false
        }
      }
    ],
    "particle": {
      "options": {
        "type": "smoke"
      },
      "probability": 0.001
    }
  },
  "spawners": {
    "ambient": [
      {
        "type": "minecraft:strider",
        "weight": 1,
        "minCount": 1,
        "maxCount": 1
      }
    ],
    "axolotls": [],
    "creature": [],
    "misc": [],
    "monster": [],
    "underground_water_creature": [],
    "water_ambient": [],
    "water_creature": []
  },
  "spawn_costs": {
    "minecraft:strider": {
      "energy_budget": 0.25,
      "charge": 3
    }
  },
  "carvers": [],
  "features": [
    [
      "infinity_cave:depths_63",
      "infinity_cave:depths_79",
      "infinity_cave:depths_95",
      "infinity_cave:depths_111",
      "infinity_cave:depths_127",
      "minecraft:lake_lava_surface"
    ],
    [],
    [
    ],
    [
      "minecraft:monster_room",
      "minecraft:monster_room_deep"
    ],
    [],
    [],
    [
      "minecraft:ore_dirt",
      "minecraft:ore_gravel",
      "minecraft:ore_granite_upper",
      "minecraft:ore_granite_lower",
      "minecraft:ore_diorite_upper",
      "minecraft:ore_diorite_lower",
      "minecraft:ore_andesite_upper",
      "minecraft:ore_andesite_lower",
      "minecraft:ore_tuff",
      "minecraft:ore_coal_upper",
      "minecraft:ore_coal_lower",
      "minecraft:ore_iron_upper",
      "minecraft:ore_iron_middle",
      "minecraft:ore_iron_small",
      "minecraft:ore_gold",
      "minecraft:ore_gold_lower",
      "minecraft:ore_redstone",
      "minecraft:ore_redstone_lower",
      "minecraft:ore_diamond",
      "minecraft:ore_diamond_medium",
      "minecraft:ore_diamond_large",
      "minecraft:ore_diamond_buried",
      "minecraft:ore_lapis",
      "minecraft:ore_lapis_buried",
      "minecraft:ore_copper",
      "minecraft:underwater_magma",
      "minecraft:disk_sand",
      "minecraft:disk_clay",
      "minecraft:disk_gravel",
      "infinity_cave:generic/delta",
      "infinity_cave:generic/rock",
      "infinity_cave:generic/pillar",
      "infinity_cave:generic/big_pillar",
      "infinity_cave:generic/small_pillar",
      "infinity_cave:generic/pile",
      "infinity_cave:generic/ceiling",
      "infinity_cave:generic/replace",
      "infinity_cave:generic/light/low"
    ],
    [
      "infinity_cave:deeprock_caverns/raw_iron_block",
      "infinity_cave:deeprock_caverns/patch_ceiling",
      "infinity_cave:deeprock_caverns/pillar",
      "infinity_cave:deeprock_caverns/patch_floor",
      "infinity_cave:deeprock_caverns/cobwebs",
      "infinity_cave:generic/ores/iron"
    ],
    [
      "minecraft:spring_lava"
    ],
    [
      "infinity_cave:deeprock_caverns/replace",
      "minecraft:glow_lichen",
      "minecraft:patch_tall_grass_2",
      "minecraft:trees_plains",
      "minecraft:flower_plains",
      "minecraft:patch_grass_plain",
      "minecraft:brown_mushroom_normal",
      "minecraft:red_mushroom_normal",
      "minecraft:patch_pumpkin"
    ],
    [
      "minecraft:freeze_top_layer"
    ]
  ]
}
