{
  "display": {
    "icon": {
      "id": "minecraft:goat_horn",
      "components": {
        "item_model": "infinity_cave:katana"
      }
    },
    "title": "OMG! Ninja FORTNITE!",
    "description": [
      {
        "text": "Kill a Ninja mob!"
      }
    ],
    "show_toast": true,
    "announce_to_chat": true,
    "hidden": false
  },
  "parent": "infinity_cave:display/deep_dark/warden",
  "criteria": {
    "requirement": {
      "trigger": "minecraft:player_killed_entity",
      "conditions": {
        "entity": [
          {
            "condition": "minecraft:entity_properties",
            "entity": "this",
            "predicate": {
              "type": "minecraft:wither_skeleton",
              "team": "ic.mob_team",
              "equipment": {
                "feet": {
                  "predicates": {
                    "enchantments": [
                      {
                        "enchantments": "infinity_cave:technical/ai/ninja"
                      }
                    ]
                  }
                }
              }
            }
          }
        ]
      }
    }
  }
}