{
  "display": {
    "icon": {
      "id": "minecraft:bow",
      "components": {
        "item_model": "infinity_cave:sonic_bow"
      }
    },
    "title": "Skelington, May I Have a Word?",
    "description": [
      {
        "text": "Dropped from a Legendary\n\nObtain the Supersonic Bow"
      }
    ],
    "show_toast": true,
    "announce_to_chat": true,
    "hidden": false
  },
  "parent": "infinity_cave:display/deep_dark/warden",
  "criteria": {
    "requirement": {
      "trigger": "minecraft:inventory_changed",
      "conditions": {
        "items": [
          {
            "items": [
              "minecraft:bow"
            ],
            "predicates": {
              "minecraft:custom_data": {
                "infinity_cave": {
                  "item": "sonic_bow"
                }
              }
            }
          }
        ]
      }
    }
  }
}