{
  "criteria": {
    "requirement": {
      "trigger": "minecraft:using_item",
      "conditions": {
        "player": [
          {
            "condition": "minecraft:entity_properties",
            "entity": "this",
            "predicate": {
              "equipment": {
                "offhand": {
                  "items": "minecraft:music_disc_5",
                  "predicates": {
                    "minecraft:custom_data": {
                      "infinity_cave": {
                        "item": "repel"
                      }
                    }
                  }
                }
              }
            }
          },
          {
            "condition": "minecraft:value_check",
            "value": {
              "type": "minecraft:score",
              "target": "this",
              "score": "ic.rc_cd",
              "scale": 1
            },
            "range": {
              "min": 10
            }
          }
        ]
      }
    }
  },
  "rewards": {
    "function": "infinity_cave:mechanics/rc/repel/_offhand"
  }
}