{
  "feature": "infinity_cave:sulfide_caves/beetroot",
  "placement": [
    {
      "type": "minecraft:rarity_filter",
      "chance": 5
    },
    {
      "type": "minecraft:count",
      "count": 5
    },
    {
      "type": "minecraft:in_square"
    },
    {
      "type": "minecraft:height_range",
      "height": {
        "type": "minecraft:uniform",
        "min_inclusive": {
          "above_bottom": -118
        },
        "max_inclusive": {
          "absolute": -60
        }
      }
    },
    {
      "type": "minecraft:environment_scan",
      "direction_of_search": "down",
      "max_steps": 32,
      "target_condition": {
        "type": "minecraft:has_sturdy_face",
        "offset": [
          0,
          -1,
          0
        ],
        "direction": "down"
      }
    },
    {
      "type": "minecraft:biome"
    }
  ]
}