{
  "display": {
    "icon": {
      "id": "minecraft:grindstone"
    },
    "title": "Is This the Industrial Revolution?",
    "description": [
      {
        "text": "Find a Limestone Village!"
      }
    ],
    "show_toast": true,
    "announce_to_chat": true,
    "hidden": false
  },
  "parent": "infinity_cave:display/limestone_grotto/limestone_houses",
  "criteria": {
    "requirement": {
      "trigger": "location",
      "conditions": {
        "player": [
          {
            "condition": "minecraft:location_check",
            "predicate": {
              "structures": "infinity_cave:limestone_grotto/limestone_village"
            }
          }
        ]
      }
    }
  }
}