{
    "display": {
      "icon": {
        "id": "minecraft:shield",
        "components": {
          "item_model": "infinity_cave:thunder_harpoon"
        }
      },
      "title": "A Drowned Once Wished for This",
      "description": [
        {
          "text": "Dropped from a Legendary\n\nObtain the Thunder Harpoon"
        }
      ],
      "show_toast": true,
      "announce_to_chat": true,
      "hidden": false
    },
    "parent": "infinity_cave:display/limestone_grotto/digger",
    "criteria": {
      "requirement": {
        "trigger": "minecraft:inventory_changed",
        "conditions": {
          "items": [
            {
              "items": [
                "minecraft:netherite_sword"
              ],
            "predicates": {
              "minecraft:custom_data": {
                "infinity_cave": {
                  "item": "thunder_harpoon"
                }
              }
            }
            }
          ]
        }
      }
    }
  }
  