{
  "display": {
    "icon": {
      "id": "minecraft:fire_charge"
    },
    "title": "This Fire, In Flames",
    "description": [
      {
        "text": "Kill a Fire Archer mob!"
      }
    ],
    "show_toast": true,
    "announce_to_chat": true,
    "hidden": false
  },
  "parent": "infinity_cave:display/molten_caves/knuckle_trap",
  "criteria": {
    "requirement": {
      "trigger": "minecraft:player_killed_entity",
      "conditions": {
        "entity": [
          {
            "condition": "minecraft:entity_properties",
            "entity": "this",
            "predicate": {
              "type": "minecraft:evoker",
              "team": "ic.mob_team",
              "equipment": {
                "mainhand": {
                  "predicates": {
                    "enchantments": [
                      {
                        "enchantments": "infinity_cave:technical/ai/fire_archer"
                      }
                    ]
                  }
                }
              }
            }
          }
        ]
      }
    }
  }
}
