{
    "display": {
      "icon": {
        "id": "minecraft:music_disc_5",
        "components": {
          "item_model": "infinity_cave:frostpale_essence"
        }
      },
      "title": "You Look Pale... Need Some Hot Chocolate?",
      "description": [
        {
          "text": "Frostpale a bow"
        }
      ],
      "show_toast": true,
      "announce_to_chat": true,
      "hidden": false
    },
    "parent": "infinity_cave:display/frozen_caves/ice_archer",
    "criteria": {
      "requirement": {
        "trigger": "minecraft:inventory_changed",
        "conditions": {
          "items": [
          {
            "items": "minecraft:bow",
            "predicates": {
              "minecraft:attribute_modifiers": {
                "modifiers": {
                  "contains": [
                    {
                      "id": "infinity_cave:id",
                      "amount": 1
                    }
                  ]
                }
              }
            }
          }
          ]
        }
      }
    }
  }
  