{
    "display": {
      "icon": {
        "id": "minecraft:music_disc_5",
        "components": {
          "item_model": "infinity_cave:ice_spark"
        }
      },
      "title": "You're on Thin Ice",
      "description": [
        {
          "text": "Obtain an Ice Spark"
        }
      ],
      "show_toast": true,
      "announce_to_chat": true,
      "hidden": false
    },
    "parent": "infinity_cave:display/frozen_caves/ice_archer",
    "criteria": {
      "requirement": {
        "trigger": "minecraft:inventory_changed",
        "conditions": {
          "items": [
            {
              "items": [
                "minecraft:music_disc_5"
              ],
              "components": {
                "minecraft:custom_data": {
                  "rc": "ice_spark",
                  "ic": "rc"
                }
              }
            }
          ]
        }
      }
    }
  }
  