{
  "display": {
    "icon": {
      "id": "minecraft:snow_golem_spawn_egg"
    },
    "title": "Do You Wanna Build a Snowman?",
    "description": [
      {
        "text": "Kill a Snowman mob!"
      }
    ],
    "show_toast": true,
    "announce_to_chat": true,
    "hidden": false
  },
  "parent": "infinity_cave:display/frozen_caves/ancient_robot",
  "criteria": {
    "requirement": {
      "trigger": "minecraft:player_killed_entity",
      "conditions": {
        "entity": [
          {
            "condition": "minecraft:entity_properties",
            "entity": "this",
            "predicate": {
              "type": "minecraft:snow_golem",
              "team": "ic.mob_team",
              "equipment": {
                "chest": {
                  "items": "#minecraft:trimmable_armor"
                }
              }
            }
          }
        ]
      }
    }
  }
}
