{
  "pools": [
    {
      "rolls": 4,
      "entries": [
        {
          "type": "minecraft:item",
          "name": "minecraft:chorus_fruit",
          "weight": 2,
          "functions": [
            {
              "function": "minecraft:set_count",
              "count": {
                "min": 12,
                "max": 24
              }
            }
          ]
        },
          {
            "type": "loot_table",
            "value": "infinity_cave:custom_items/ender_sword",
            "functions": [
              {
                "function": "enchant_with_levels",
                "levels": 22,
                "options": "#infinity_cave:valid"
              }
            ],
            "conditions": [
              {
                "condition": "random_chance", 
                "chance": 0.1
              }
            ]
          },
        {
          "type": "minecraft:item",
          "name": "minecraft:book",
          "weight": 1,
          "functions": [
            {
              "function": "minecraft:enchant_with_levels",
                "options": "#infinity_cave:valid",
              "levels": 24
            }
          ]
        },
        {
          "type": "minecraft:item",
          "name": "minecraft:golden_apple",
          "weight": 2,
          "functions": [
            {
              "function": "minecraft:set_count",
              "count": {
                "min": 1,
                "max": 2
              }
            }
          ]
        },
        {
          "type": "minecraft:loot_table",
          "value": "infinity_cave:return/magic_repair",
          "weight": 1,
            "conditions": [
              {
                "condition": "random_chance", 
                "chance": 0.1
              }
            ]
        },
        {
          "type": "minecraft:loot_table",
          "value": "infinity_cave:custom_items/magic_spyglass",
          "weight": 1,
          "conditions": [
            {
              "condition": "minecraft:random_chance",
              "chance": 0.5
            }
          ]
        }
      ]
    }
  ]
}
