{
    "pools": [
      {
        "rolls": 3,
        "entries": [
        {
          "type": "minecraft:loot_table",
          "weight": 1,
          "value": "infinity_cave:custom_items/amethyst_charge/empty",
          "conditions": [
            {
              "condition": "random_chance",
              "chance": 0.05
            }
          ]
          },
          {
            "type": "loot_table",
            "value": "infinity_cave:custom_items/ender_sword",
            "functions": [
              {
                "function": "enchant_with_levels",
                "levels": 16,
                "options": "#infinity_cave:valid"
              }
            ],
            "conditions": [
              {
                "condition": "random_chance", 
                "chance": 0.075
              }
            ]
          },
          {
            "type": "minecraft:item",
            "weight": 2,
            "name": "minecraft:chorus_fruit",
            "functions": [
              {
                "function": "minecraft:set_count",
                "count": {
                  "min": 1,
                  "max": 2
                }
              }
            ]
          },
          {
            "type": "minecraft:item",
            "weight": 1,
            "name": "minecraft:chorus_plant"
          },
          {
            "type": "minecraft:item",
            "weight": 1,
            "name": "minecraft:book",
            "functions": [
              {
                "function": "minecraft:enchant_with_levels",
                "options": "#infinity_cave:valid",
                "levels": {
                  "min": 6,
                  "max": 12
                }
              }
            ]
          },
          {
            "type": "minecraft:item",
            "weight": 3,
            "name": "minecraft:end_stone",
            "functions": [
              {
                "function": "minecraft:set_count",
                "count": {
                  "min": 1,
                  "max": 4
                }
              }
            ]
          }
        ]
      }
    ]
  }
  