{
    "type": "minecraft:vegetation_patch",
    "config": {
      "surface": "floor",
      "depth": 1,
      "vertical_range": 1,
      "extra_bottom_block_chance": 0,
      "extra_edge_column_chance": 1,
      "vegetation_chance": 0.25,
      "xz_radius": {
        "type": "minecraft:uniform",
        "min_inclusive": 8,
        "max_inclusive": 15
      },
      "replaceable": "#infinity_cave:mushroom_gorge",
      "ground_state": {
        "type": "minecraft:weighted_state_provider",
        "entries": [
          {
            "weight": 1,
            "data": {
              "Name": "minecraft:grass_block"
            }
          }
        ]
      },
      "vegetation_feature": {
        "feature": {
          "type": "minecraft:simple_block",
          "config": {
            "to_place": {
              "type": "minecraft:weighted_state_provider",
              "entries": [
                {
                  "weight": 12,
                  "data": {
                    "Name": "minecraft:short_grass"
                  }
                },
                {
                  "weight": 2,
                  "data": {
                    "Name": "minecraft:brown_mushroom"
                  }
                },
                {
                  "weight": 2,
                  "data": {
                    "Name": "minecraft:red_mushroom"
                  }
                }
              ]
            }
          }
        },
        "placement": []
      }
    }
  }