{
    "type": "minecraft:vegetation_patch",
    "config": {
      "surface": "ceiling",
      "depth": {
        "type": "minecraft:uniform",
        "min_inclusive": 4,
        "max_inclusive": 8
      },
      "vertical_range": 2,
      "extra_bottom_block_chance": 0.2,
      "extra_edge_column_chance": 0.3,
      "vegetation_chance": 0.5,
      "xz_radius": {
        "type": "minecraft:uniform",
        "min_inclusive": 2,
        "max_inclusive": 5
      },
      "replaceable": "#infinity_cave:base_stone_overworld",
      "ground_state": {
        "type": "minecraft:simple_state_provider",
        "state": {
            "Name": "shroomlight"
        }
      },
      "vegetation_feature": {
        "feature": {
          "type": "minecraft:simple_block",
          "config": {
            "to_place": {
              "type": "minecraft:weighted_state_provider",
              "entries": [
                {
                  "weight": 5,
                  "data": {
                    "Name": "minecraft:shroomlight"
                  }
                },
                {
                  "weight": 1,
                  "data": {
                    "Name": "minecraft:glowstone"
                  }
                }
              ]
            }
          }
        },
        "placement": [
          {
            "type": "minecraft:block_predicate_filter",
            "predicate": {
              "type": "minecraft:true"
            }
          }
        ]
      }
    }
  }
  