{
  "display": {
    "icon": {
      "id": "minecraft:netherite_pickaxe",
      "components": {
        "item_model": "infinity_cave:gilded_pickaxe"
      }
    },
    "title": "MINING AWAY, I DON'T KNOW WHA-",
    "description": [
      {
        "text": "Dropped from Deeprock legendary\n\nObtain the Gilded Pickaxe"
      }
    ],
    "show_toast": true,
    "announce_to_chat": true,
    "hidden": false
  },
  "parent": "infinity_cave:display/deeprock_caverns/bomber",
  "criteria": {
    "requirement": {
      "trigger": "minecraft:inventory_changed",
      "conditions": {
        "items": [
          {
            "items": [
              "minecraft:netherite_pickaxe"
            ],
            "predicates": {
              "minecraft:custom_data": {
                "infinity_cave": {
                  "item": "gilded_pickaxe"
                }
              }
            }
          }
        ]
      }
    }
  }
}
