{
    "feature": "infinity_cave:amethyst_caves/patch_ceiling",
    "placement": [
      {
        "type": "minecraft:count",
        "count": 25
      },
      {
        "type": "minecraft:in_square"
      },
      {
        "type": "minecraft:height_range",
        "height": {
          "type": "minecraft:uniform",
          "min_inclusive": {
            "above_bottom": -128
          },
          "max_inclusive": {
            "absolute": -55
          }
        }
      },
      {
        "type": "minecraft:environment_scan",
        "allowed_search_condition": {
          "type": "minecraft:matching_blocks",
          "blocks": [
            "minecraft:air"
          ]
        },
        "direction_of_search": "up",
        "max_steps": 32,
        "target_condition": {
          "type": "minecraft:solid"
        }
      },
      {
        "type": "minecraft:biome"
      }
    ]
  }