{
    "type": "minecraft:squeeze",
    "argument": {
      "type": "minecraft:mul",
      "argument1": 2,
      "argument2": {
        "type": "minecraft:cube",
        "argument": {
          "type": "minecraft:interpolated",
          "argument": {
            "type": "minecraft:add",
            "argument1": -0.234375,
            "argument2": {
              "type": "minecraft:mul",
              "argument1": {
                "type": "minecraft:y_clamped_gradient",
                "from_y": -180,
                "to_y": -120,
                "from_value": 0.05,
                "to_value": 0.4
              },
              "argument2": {
                "type": "minecraft:add",
                "argument1": 1.2,
                "argument2": {
                  "type": "minecraft:add",
                  "argument1": -23.3375,
                  "argument2": {
                    "type": "minecraft:mul",
                    "argument1": {
                      "type": "minecraft:y_clamped_gradient",
                      "from_y": 42,
                      "to_y": 45,
                      "from_value": 1,
                      "to_value": 0.97
                    },
                    "argument2": {
                      "type": "minecraft:add",
                      "argument1": 23.4875,
                      "argument2": {
                        "type": "minecraft:min",
                        "argument1": "minecraft:overworld/jaggedness",
                        "argument2": {
                          "type": "minecraft:range_choice",
                          "input": "minecraft:y",
                          "min_inclusive": -119,
                          "max_exclusive": -64,
                          "when_in_range": {
                            "type": "minecraft:add",
                            "argument1": {
                              "type": "minecraft:clamp",
                              "input": -1,
                              "min": -0.7,
                              "max": 1
                            },
                            "argument2": {
                              "type": "minecraft:add",
                              "argument1": {
                                "type": "minecraft:noise",
                                "noise": "minecraft:aquifer_fluid_level_floodedness",
                                "xz_scale": 7,
                                "y_scale": 4
                              },
                              "argument2": 0
                            }
                          },
                          "when_out_of_range": 0
                        }
                      }
                    }
                  }
                }
              }
            }
          }
        }
      }
    }
  }