{
    "type": "minecraft:tree",
    "config": {
      "ignore_vines": true,
      "force_dirt": true,
      "minimum_size": {
        "type": "minecraft:three_layers_feature_size",
        "min_clipped_height": 5,
        "limit": 9,
        "upper_limit": 9,
        "lower_size": 5,
        "middle_size": 7,
        "upper_size": 8
      },
      "dirt_provider": {
        "type": "minecraft:simple_state_provider",
        "state": {
          "Name": "minecraft:mushroom_stem"
        }
      },
      "trunk_provider": {
        "type": "minecraft:simple_state_provider",
        "state": {
          "Name": "minecraft:mushroom_stem"
        }
      },
      "foliage_provider": {
        "type": "minecraft:weighted_state_provider",
        "entries": [
          {
            "weight": 1,
            "data": {
              "Name": "minecraft:red_mushroom_block"
            }
          }
        ]
      },
      "trunk_placer": {
        "type": "minecraft:dark_oak_trunk_placer",
        "base_height": 6,
        "height_rand_a": 8,
        "height_rand_b": 4
      },
      "foliage_placer": {
        "type": "minecraft:dark_oak_foliage_placer",
        "radius": {
          "type": "minecraft:uniform",
          "min_inclusive": 1,
          "max_inclusive": 2
        },
        "offset": 0
      },
      "decorators": [
        {
          "type": "minecraft:alter_ground",
          "provider": {
            "type": "minecraft:weighted_state_provider",
            "entries": [
              {
                "weight": 1,
                "data": {
                  "Name": "minecraft:coarse_dirt"
                }
              },
              {
                "weight": 1,
                "data": {
                  "Name": "minecraft:rooted_dirt"
                }
              },
              {
                "weight": 2,
                "data": {
                  "Name": "minecraft:dirt"
                }
              },
              {
                "weight": 8,
                "data": {
                  "Name": "minecraft:grass_block"
                }
              }
            ]
          }
        }
      ]
    }
  }