{
  "display": {
    "icon": {
      "id": "minecraft:red_mushroom_block"
    },
    "title": "I Wonder What Trips They Have Down Here",
    "description": [
      {
        "text": "Find loot in the Mushroom House!"
      }
    ],
    "show_toast": true,
    "announce_to_chat": true,
    "hidden": false
  },
  "parent": "infinity_cave:display/root",
  "criteria": {
    "requirement": {
      "trigger": "minecraft:player_generates_container_loot",
      "conditions": {
        "loot_table": "infinity_cave:structures/mushroom_house"
      }
    }
  }
}
