{
  "type": "minecraft:large_dripstone",
  "config": {
    "floor_to_ceiling_search_range": 40,
    "column_radius": {
      "type": "minecraft:uniform",
      "min_inclusive": 5,
      "max_inclusive": 12
    },
    "height_scale": {
      "type": "minecraft:uniform",
      "min_inclusive": 0.25,
      "max_exclusive": 1
    },
    "max_column_radius_to_cave_height_ratio": 0.5,
    "stalactite_bluntness": {
      "type": "minecraft:uniform",
      "min_inclusive": 0.25,
      "max_exclusive": 1
    },
    "stalagmite_bluntness": {
      "type": "minecraft:uniform",
      "min_inclusive": 0.25,
      "max_exclusive": 1
    },
    "wind_speed": {
      "type": "minecraft:uniform",
      "min_inclusive": 0.05,
      "max_exclusive": 0.4
    },
    "min_radius_for_wind": 4,
    "min_bluntness_for_wind": 0.8
  }
}
