{
  "type": "minecraft:vegetation_patch",
  "config": {
    "surface": "ceiling",
    "depth": 86,
    "vertical_range": 1,
    "extra_bottom_block_chance": 0.1,
    "extra_edge_column_chance": 0.1,
    "vegetation_chance": 0.95,
    "xz_radius": 1,
    "replaceable": "#infinity_cave:all_but_base",
    "ground_state": {
      "type": "minecraft:weighted_state_provider",
      "entries": [
        {
          "weight": 3,
          "data": {
            "Name": "minecraft:deepslate"
          }
        },
        {
          "weight": 1,
          "data": {
            "Name": "minecraft:tuff"
          }
        }
      ]
    },
    "vegetation_feature": {
      "feature": {
        "type": "minecraft:basalt_pillar",
        "config": {}
      },
      "placement": []
    }
  }
}
