{
  "type": "minecraft:large_dripstone",
  "config": {
    "column_radius": {
      "type": "minecraft:uniform",
        "max_inclusive": 9,
        "min_inclusive": 3
    },
    "floor_to_ceiling_search_range": 25,
    "height_scale": {
      "type": "minecraft:uniform",
        "max_exclusive": 1,
        "min_inclusive": 0.25
    },
    "max_column_radius_to_cave_height_ratio": 0.33,
    "min_bluntness_for_wind": 0.6,
    "min_radius_for_wind": 4,
    "stalactite_bluntness": {
      "type": "minecraft:uniform",
        "max_exclusive": 0.9,
        "min_inclusive": 0.25
    },
    "stalagmite_bluntness": {
      "type": "minecraft:uniform",
        "max_exclusive": 1.0,
        "min_inclusive": 0.25
    },
    "wind_speed": {
      "type": "minecraft:uniform",
        "max_exclusive": 0.3,
        "min_inclusive": 0.0
    }
  }
}