{
	"structures": [
		{
			"structure": "infinity_cave:frozen_caves/trial_spawners/uncommon",
			"weight": 75
		},
		{
			"structure": "infinity_cave:frozen_caves/trial_spawners/rare",
			"weight": 12
		},
        		{
			"structure": "infinity_cave:frozen_caves/trial_spawners/epic",
			"weight": 2
		},
		{
			"structure": "infinity_cave:frozen_caves/trial_spawners/legendary",
			"weight": 1
		}
	],
	"placement": {
		"type": "minecraft:random_spread",
		"salt": 89458389,
		"spacing": 58,
		"separation": 16
	}
}
