{
    "feature": "infinity_cave:sulfide_caves/lake/big",
    "placement": [
      {
        "type": "minecraft:count_on_every_layer",
        "count": 1
      },
      {
        "type": "rarity_filter",
        "chance": 7
      },
      {
        "type": "minecraft:height_range",
        "height": {
          "type": "minecraft:uniform",
          "min_inclusive": {
            "above_bottom": -121
          },
          "max_inclusive": {
            "absolute": -58
          }
        }
      },
      {
        "type": "random_offset",
        "xz_spread": 0,
        "y_spread": -4
      },
      {
        "type": "minecraft:environment_scan",
        "allowed_search_condition": {
          "type": "minecraft:matching_blocks",
          "blocks": [
            "minecraft:air"
          ]
        },
        "direction_of_search": "down",
        "max_steps": 12,
        "target_condition": {
          "type": "minecraft:solid"
        }
      },
      {
        "type": "minecraft:biome"
      }
    ]
  }