{
    "feature": "infinity_cave:generic/ores/redstone",
    "placement": [
      {
        "type": "minecraft:count_on_every_layer",
        "count": 15
      },
      {
        "type": "minecraft:biome"
      },
      {
        "type": "minecraft:height_range",
        "height": {
          "type": "minecraft:uniform",
          "min_inclusive": {
            "above_bottom": -123
          },
          "max_inclusive": {
            "absolute": -56
          }
        }
      }
    ]
  }
  