{
  "feature": "infinity_cave:generic/pillar",
  "placement": [
    {
      "type": "minecraft:count",
      "count": 1
    },
    {
      "type": "minecraft:noise_based_count",
      "noise_to_count_ratio": 1,
      "noise_factor": 1,
      "noise_offset": 0
    },
    {
      "type": "minecraft:height_range",
      "height": {
        "type": "minecraft:uniform",
        "min_inclusive": {
          "absolute": -123
        },
        "max_inclusive": {
          "absolute": -64
        }
      }
    },
    {
      "type": "minecraft:biome"
    },
    {
      "type": "minecraft:in_square"
    },
    {
      "type": "minecraft:environment_scan",
      "direction_of_search": "up",
      "max_steps": 12,
      "target_condition": {
        "type": "minecraft:true"
      },
      "allowed_search_condition": {
        "type": "minecraft:solid"
      }
    },
    {
      "type": "minecraft:block_predicate_filter",
      "predicate": {
        "type": "minecraft:matching_block_tag",
        "tag": "infinity_cave:all_but_unbreakable"
      }
    }
  ]
}
