{
  "feature": "infinity_cave:limestone_grotto/hanging_roots",
  "placement": [
    {
      "type": "minecraft:count",
      "count": 100
    },
    {
      "type": "minecraft:in_square"
    },
    {
      "type": "minecraft:height_range",
      "height": {
        "type": "minecraft:uniform",
        "min_inclusive": {
          "above_bottom": -128
        },
        "max_inclusive": {
          "absolute": -55
        }
      }
    },
    {
      "type": "minecraft:environment_scan",
      "direction_of_search": "up",
      "max_steps": 12,
      "target_condition": {
        "type": "minecraft:solid"
      },
      "allowed_search_condition": {
        "type": "minecraft:matching_blocks",
        "blocks": [
          "minecraft:air"
        ]
      }
    },
    {
      "type": "minecraft:biome"
    },
    {
      "type": "minecraft:random_offset",
      "xz_spread": 0,
      "y_spread": -1
    }
  ]
}
