{
  "display": {
    "icon": {
      "id": "minecraft:music_disc_13",
      "components": {
        "item_model": "infinity_cave:battle_castle"
      }
    },
    "title": "Absolutely Magnificent, Marvelous!",
    "description": [
      {
        "text": "Find Battle Castle Music Disc!"
      }
    ],
    "show_toast": true,
    "announce_to_chat": true,
    "hidden": false
  },
  "parent": "infinity_cave:display/misc/oracion",
  "criteria": {
    "requirement": {
      "trigger": "minecraft:inventory_changed",
      "conditions": {
        "items": [
          {
            "items": [
              "minecraft:music_disc_13"
            ],
            "components": {
              "minecraft:custom_data": {
                "ic.music_disc.battle_castle": 1
              }
            }
          }
        ]
      }
    }
  }
}
