{
  "type": "minecraft:squeeze",
  "argument": {
    "type": "minecraft:add",
    "argument1": 0.2,
    "argument2": {
      "type": "minecraft:cube",
      "argument": {
        "type": "minecraft:interpolated",
        "argument": {
          "type": "minecraft:add",
          "argument1": -0.234375,
          "argument2": {
            "type": "minecraft:add",
            "argument1": {
              "type": "minecraft:y_clamped_gradient",
              "from_y": -150,
              "to_y": -120,
              "from_value": 0.05,
              "to_value": -1
            },
            "argument2": {
              "type": "minecraft:add",
              "argument1": -0.025,
              "argument2": {
                "type": "minecraft:add",
                "argument1": -23.2375,
                "argument2": {
                  "type": "minecraft:mul",
                  "argument1": {
                    "type": "minecraft:y_clamped_gradient",
                    "from_y": 30,
                    "to_y": 41,
                    "from_value": 1,
                    "to_value": 0.97
                  },
                  "argument2": {
                    "type": "minecraft:add",
                    "argument1": 23.0875,
                    "argument2": {
                      "type": "minecraft:add",
                      "argument1": {
                        "type": "minecraft:square",
                        "argument": {
                          "type": "minecraft:y_clamped_gradient",
                          "from_y": -124,
                          "to_y": -60,
                          "from_value": -1.33,
                          "to_value": 1.33
                        }
                      },
                      "argument2": {
                        "type": "minecraft:range_choice",
                        "input": "minecraft:y",
                        "min_inclusive": -120,
                        "max_exclusive": -56,
                        "when_in_range": {
                          "type": "minecraft:max",
                          "argument1": {
                            "type": "minecraft:cache_once",
                            "argument": {
                              "type": "minecraft:noise",
                              "noise": "minecraft:continentalness",
                              "xz_scale": -100000,
                              "y_scale": 0
                            }
                          },
                          "argument2": {
                            "type": "minecraft:weird_scaled_sampler",
                            "rarity_value_mapper": "type_2",
                            "noise": "minecraft:iceberg_pillar",
                            "input": 1
                          }
                        },
                        "when_out_of_range": 2
                      }
                    }
                  }
                }
              }
            }
          }
        }
      }
    }
  }
}