{
    "feature": "infinity_cave:mushroom_gorge/shroomlight",
    "placement": [
      {
        "type": "minecraft:count",
        "count": 3
      },
      {
        "type": "minecraft:in_square"
      },
      {
        "type": "minecraft:height_range",
        "height": {
          "type": "minecraft:uniform",
          "min_inclusive": {
            "above_bottom": -80
          },
          "max_inclusive": {
            "absolute": -56
          }
        }
      },
      {
        "type": "minecraft:environment_scan",
        "allowed_search_condition": {
          "type": "minecraft:matching_blocks",
          "blocks": "minecraft:air"
        },
        "direction_of_search": "up",
        "max_steps": 12,
        "target_condition": {
          "type": "minecraft:has_sturdy_face",
          "direction": "down"
        }
      },
      {
        "type": "minecraft:random_offset",
        "xz_spread": 0,
        "y_spread": -1
      },
      {
        "type": "minecraft:biome"
      }
    ]
  }