{
  "type": "minecraft:tree",
  "config": {
    "ignore_vines": true,
    "force_dirt": true,
    "minimum_size": {
      "type": "minecraft:two_layers_feature_size",
      "limit": 1,
      "lower_size": 0,
      "upper_size": 1
    },
    "dirt_provider": {
      "type": "minecraft:simple_state_provider",
      "state": {
        "Name": "minecraft:dirt"
      }
    },
    "trunk_provider": {
      "type": "minecraft:simple_state_provider",
      "state": {
        "Name": "minecraft:oak_wood",
        "Properties": {
          "axis": "y"
        }
      }
    },
    "foliage_provider": {
      "type": "minecraft:simple_state_provider",
      "state": {
        "Name": "minecraft:oak_leaves",
        "Properties": {
          "distance": "7",
          "persistent": "true",
          "waterlogged": "false"
        }
      }
    },
    "trunk_placer": {
      "type": "minecraft:forking_trunk_placer",
      "base_height": 1,
      "height_rand_a": 0,
      "height_rand_b": 0
    },
    "foliage_placer": {
      "type": "minecraft:bush_foliage_placer",
      "radius": {
        "type": "minecraft:uniform",
        "min_inclusive": 0,
        "max_inclusive": 0
      },
      "offset": 0,
      "height": 1
    },
    "decorators": [
      {
        "type": "minecraft:attached_to_logs",
        "probability": 0.5,
        "block_provider": {
          "type": "minecraft:simple_state_provider",
          "state": {
            "Name": "minecraft:oak_leaves",
            "Properties": {
              "distance": "7",
              "persistent": "true",
              "waterlogged": "false"
            }
          }
        },
        "directions": [
          "down",
          "up",
          "north",
          "south",
          "east",
          "west"
        ]
      },
      {
        "type": "minecraft:attached_to_leaves",
        "probability": 0.25,
        "exclusion_radius_xz": 0,
        "exclusion_radius_y": 1,
        "required_empty_blocks": 1,
        "block_provider": {
          "type": "minecraft:simple_state_provider",
          "state": {
            "Name": "minecraft:cactus_flower"
          }
        },
        "directions": [
          "up"
        ]
      },
      {
        "type": "minecraft:trunk_vine"
      },
      {
        "type": "minecraft:attached_to_leaves",
        "probability": 0.3,
        "exclusion_radius_xz": 0,
        "exclusion_radius_y": 0,
        "required_empty_blocks": 1,
        "block_provider": {
          "type": "minecraft:weighted_state_provider",
          "entries": [
            {
              "weight": 5,
              "data": {
                "Name": "minecraft:oak_leaves",
                "Properties": {
                  "distance": "7",
                  "persistent": "false",
                  "waterlogged": "false"
                }
              }
            },
            {
              "weight": 5,
              "data": {
                "Name": "minecraft:vine",
                "Properties": {
                  "east": "true",
                  "north": "true",
                  "south": "true",
                  "up": "true",
                  "west": "true"
                }
              }
            },
            {
              "weight": 1,
              "data": {
                "Name": "minecraft:cave_vines_plant",
                "Properties": {
                  "berries": "true"
                }
              }
            }
          ]
        },
        "directions": [
          "down"
        ]
      }
    ]
  }
}