{
  "name": "infinity_cave:limestone_village/centers",
  "elements": [
    {
      "element": {
        "element_type": "minecraft:single_pool_element",
        "projection": "rigid",
        "location": "infinity_cave:limestone_village/centers/square1",
        "processors": "minecraft:empty"
      },
      "weight": 1
    },
    {
      "element": {
        "element_type": "minecraft:single_pool_element",
        "projection": "rigid",
        "location": "infinity_cave:limestone_village/centers/square2",
        "processors": "minecraft:empty"
      },
      "weight": 1
    }
  ],
  "fallback": "minecraft:empty"
}