{
  "name": "infinity_cave:limestone_village/streets",
  "elements": [
    {
      "element": {
        "element_type": "minecraft:single_pool_element",
        "projection": "rigid",
        "location": "infinity_cave:limestone_village/streets/straight",
        "processors": "minecraft:empty"
      },
      "weight": 4
    },
    {
      "element": {
        "element_type": "minecraft:single_pool_element",
        "projection": "rigid",
        "location": "infinity_cave:limestone_village/streets/straight_short",
        "processors": "minecraft:empty"
      },
      "weight": 5
    },
    {
      "element": {
        "element_type": "minecraft:single_pool_element",
        "projection": "rigid",
        "location": "infinity_cave:limestone_village/streets/curved",
        "processors": "minecraft:empty"
      },
      "weight": 3
    },
    {
      "element": {
        "element_type": "minecraft:single_pool_element",
        "projection": "rigid",
        "location": "infinity_cave:limestone_village/streets/cross",
        "processors": "minecraft:empty"
      },
      "weight": 1
    }
  ],
  "fallback": "minecraft:empty"
}