{
    "display": {
      "icon": {
        "id": "minecraft:amethyst_block"
      },
      "title": "What type of Geode is this?",
      "description": [
        {
          "text": "Find loot in a Giant Amethyst Geode structure!"
        }
      ],
      "show_toast": true,
      "announce_to_chat": true,
      "hidden": false
    },
    "parent": "infinity_cave:display/amethyst_caves/amethyst_altar",
    "criteria": {
      "requirement": {
        "trigger": "minecraft:player_generates_container_loot",
        "conditions": {
          "loot_table": "infinity_cave:structures/amethyst_geode"
        }
      }
    }
  }