{
    "display": {
      "icon": {
        "id": "minecraft:netherite_sword",
        "components": {
          "item_model": "infinity_cave:amethyst_blade"
        }
      },
      "title": "Chime Chime DIE DIE!",
      "description": [
        {
          "text": "Dropped from a Legendary\n\nObtain the Amethyst Blade"
        }
      ],
      "show_toast": true,
      "announce_to_chat": true,
      "hidden": false
    },
    "parent": "infinity_cave:display/amethyst_caves/magician",
    "criteria": {
      "requirement": {
        "trigger": "minecraft:inventory_changed",
        "conditions": {
          "items": [
            {
              "items": [
                "minecraft:netherite_sword"
              ],
            "predicates": {
              "minecraft:custom_data": {
                "infinity_cave": {
                  "item": "amethyst_blade"
                }
              }
            }
            }
          ]
        }
      }
    }
  }
  