{
  "type": "minecraft:vegetation_patch",
  "config": {
    "surface": "floor",
    "depth": 10,
    "vertical_range": 1,
    "extra_bottom_block_chance": 0.1,
    "extra_edge_column_chance": 0.1,
    "vegetation_chance": 1,
    "xz_radius": {
      "type": "uniform",
      "max_inclusive": 8,
      "min_inclusive": 5
    },
    "replaceable": "#infinity_cave:all_but_unbreakable",
    "ground_state": {
      "type": "minecraft:weighted_state_provider",
      "entries": [
        {
          "weight": 3,
          "data": {
            "Name": "minecraft:deepslate",
            "Properties": {
              "axis": "y"
            }
          }
        }
      ]
    },
    "vegetation_feature": {
      "feature": {
        "type": "minecraft:random_patch",
        "config": {
          "tries": 30,
          "xz_spread": 1,
          "y_spread": 1,
          "feature": {
            "feature": {
              "config": {
                "features": [
                  {
                    "feature": {
                      "config": {
                        "tries": 30,
                        "xz_spread": 0,
                        "y_spread": 7,
                        "feature": {
                          "feature": {
                            "config": {
                              "to_place": {
                                "type": "minecraft:weighted_state_provider",
                                "entries": [
                                  {
                                    "weight": 1,
                                    "data": {
                                      "Name": "minecraft:budding_amethyst"
                                    }
                                  },
                                  {
                                    "weight": 10,
                                    "data": {
                                      "Name": "minecraft:amethyst_block"
                                    }
                                  }
                                ]
                              }
                            },
                            "type": "minecraft:simple_block"
                          },
                          "placement": [
                            {
                              "type": "block_predicate_filter",
                              "predicate": {
                                "type": "any_of",
                                "predicates": [
                                  {
                                    "type": "matching_blocks",
                                    "blocks": ["calcite"],
                                    "offset": [0, -1, 0]
                                  },
                                  {
                                    "type": "matching_blocks",
                                    "blocks": ["calcite"],
                                    "offset": [0, -2, 0]
                                  },
                                  {
                                    "type": "matching_blocks",
                                    "blocks": ["calcite"],
                                    "offset": [0, -3, 0]
                                  }
                                ]
                              }
                            }
                          ]
                        }
                      },
                      "type": "minecraft:random_patch"
                    },
                    "placement": [
                      {
                        "type": "minecraft:random_offset",
                        "xz_spread": 0,
                        "y_spread": 1
                      }
                    ]
                  },
                  {
                    "feature": {
                      "config": {
                        "state_provider": {
                          "fallback": {
                            "type": "minecraft:weighted_state_provider",
                            "entries": [
                              {
                                "weight": 1,
                                "data": {
                                  "Name": "minecraft:calcite"
                                }
                              }
                            ]
                          },
                          "rules": []
                        },
                        "radius": {
                          "type": "minecraft:uniform",
                          "min_inclusive": 1,
                          "max_inclusive": 1
                        },
                        "half_height": 2,
                        "target": {
                          "type": "minecraft:matching_blocks",
                          "blocks": [
                            "smooth_basalt"
                          ],
                          "offset": [
                            0,
                            -1,
                            0
                          ]
                        }
                      },
                      "type": "minecraft:disk"
                    },
                    "placement": [
                      {
                        "type": "minecraft:random_offset",
                        "xz_spread": 1,
                        "y_spread": 1
                      }
                    ]
                  },
                  {
                    "feature": {
                      "config": {
                        "state_provider": {
                          "fallback": {
                            "type": "minecraft:weighted_state_provider",
                            "entries": [
                              {
                                "weight": 1,
                                "data": {
                                  "Name": "minecraft:smooth_basalt"
                                }
                              }
                            ]
                          },
                          "rules": []
                        },
                        "radius": {
                          "type": "minecraft:uniform",
                          "min_inclusive": 2,
                          "max_inclusive": 2
                        },
                        "half_height": 3,
                        "target": {
                          "type": "minecraft:matching_block_tag",
                          "tag": "infinity_cave:all_but_unbreakable"
                        }
                      },
                      "type": "minecraft:disk"
                    },
                    "placement": [
                      {
                        "type": "minecraft:random_offset",
                        "xz_spread": 2,
                        "y_spread": -2
                      }
                    ]
                  }
                ]
              },
              "type": "minecraft:simple_random_selector"
            },
            "placement": []
          }
        }
      },
      "placement": []
    }
  }
}