{
    "type": "minecraft:squeeze",
    "argument": {
      "type": "minecraft:mul",
      "argument1": 1,
      "argument2": {
        "type": "minecraft:cube",
        "argument": {
          "type": "minecraft:interpolated",
          "argument": {
            "type": "minecraft:add",
            "argument1": -0.234375,
            "argument2": {
              "type": "minecraft:mul",
              "argument1": {
                "type": "minecraft:y_clamped_gradient",
                "from_y": -180,
                "to_y": -150,
                "from_value": 0.05,
                "to_value": 0.4
              },
              "argument2": {
                "type": "minecraft:add",
                "argument1": 1,
                "argument2": {
                  "type": "minecraft:add",
                  "argument1": -23.3375,
                  "argument2": {
                    "type": "minecraft:add",
                    "argument1": {
                      "type": "minecraft:y_clamped_gradient",
                      "from_y": -128,
                      "to_y": -118,
                      "from_value": 0.9,
                      "to_value": 0.25
                    },
                    "argument2": {
                      "type": "minecraft:add",
                      "argument1": 23.8875,
                      "argument2": {
                        "type": "minecraft:min",
                        "argument1": "minecraft:overworld/jaggedness",
                        "argument2": {
                          "type": "minecraft:range_choice",
                          "input": "minecraft:y",
                          "min_inclusive": -120,
                          "max_exclusive": -56,
                          "when_in_range": {
                            "type": "minecraft:add",
                            "argument1": {
                              "type": "minecraft:add",
                              "argument1": {
                                "type": "minecraft:add",
                                "argument1": -0.9,
                                "argument2": {
                                  "type": "minecraft:cube",
                                  "argument": {
                                    "type": "minecraft:y_clamped_gradient",
                                    "from_y": -120,
                                    "to_y": -56,
                                    "from_value": 0,
                                    "to_value": 0
                                  }
                                }
                              },
                              "argument2": {
                                "type": "minecraft:noise",
                                "noise": "minecraft:aquifer_barrier",
                                "xz_scale": 0.08,
                                "y_scale": 1.4
                              }
                            },
                            "argument2": {
                              "type": "minecraft:mul",
                              "argument1": {
                                "type": "minecraft:square",
                                "argument": {
                                  "type": "minecraft:add",
                                  "argument1": "minecraft:nether/base_3d_noise",
                                  "argument2": {
                                    "type": "minecraft:noise",
                                    "noise": "minecraft:iceberg_pillar",
                                    "xz_scale": 1,
                                    "y_scale": 14
                                  }
                                }
                              },
                              "argument2": {
                                "type": "minecraft:y_clamped_gradient",
                                "from_y": -128,
                                "to_y": -64,
                                "from_value": -0.05,
                                "to_value": -2
                              }
                            }
                          },
                          "when_out_of_range": 2
                        }
                      }
                    }
                  }
                }
              }
            }
          }
        }
      }
    }
  }