{
  "name": "infinity_cave:railway/pillars",
  "elements": [
    {
      "element": {
        "element_type": "minecraft:single_pool_element",
        "projection": "rigid",
        "location": "infinity_cave:railway/pillars/1",
        "processors": "minecraft:empty"
      },
      "weight": 2
    },
        {
      "element": {
        "element_type": "minecraft:single_pool_element",
        "projection": "rigid",
        "location": "infinity_cave:railway/pillars/2",
        "processors": "minecraft:empty"
      },
      "weight": 3
    },
    {
      "element": {
        "element_type": "minecraft:empty_pool_element"
      },
      "weight": 5
    }
  ],
  "fallback": "minecraft:empty"
}