{
  "criteria": {
    "requirement": {
      "trigger": "minecraft:item_used_on_block",
      "conditions": {
        "location": [
          {
            "condition": "minecraft:match_tool",
            "predicate": {
              "items": [
                "minecraft:armor_stand"
              ],
              "predicates": {
                "minecraft:custom_data": {
                  "infinity_cave": {
                    "item": "frostpale_plant"
                  }
                }
              }
            }
          }
        ]
      }
    }
  },
  "rewards": {
    "function": "infinity_cave:mechanics/frostpale_plant/place"
  }
}