{
    "feature": {
      "config": {
        "to_place": {
          "type": "minecraft:simple_state_provider",
          "state": {
            "Name": "minecraft:fire"
          }
        },
        "schedule_tick": false
      },
      "type": "minecraft:simple_block"
    },
    "placement": [
      {
        "type": "count",
        "count": 4
      },
      {
        "type": "minecraft:in_square"
      },
      {
        "type": "minecraft:height_range",
        "height": {
          "type": "minecraft:uniform",
          "max_inclusive": {
            "absolute": -80
          },
          "min_inclusive": {
            "above_bottom": -122
          }
        }
      },
      {
        "type": "minecraft:environment_scan",
        "allowed_search_condition": {
          "type": "minecraft:matching_blocks",
          "blocks": [
            "minecraft:air"
          ]
        },
        "direction_of_search": "down",
        "max_steps": 32,
        "target_condition": {
          "type": "minecraft:solid"
        }
      },
      {
        "type": "minecraft:random_offset",
        "xz_spread": 0,
        "y_spread": 1
      },
      {
        "type": "minecraft:biome"
      }
    ]
  }